{"cameraMode":{"drawMode":0,"name":"Shaded","section":"Shading Mode"},"sceneLighting":false,"audioPlay":false,"sceneViewState":{"m_AlwaysRefresh":false,"showFog":true,"showSkybox":false,"showFlares":true,"showImageEffects":true,"showParticleSystems":true,"showVisualEffectGraphs":true,"m_FxEnabled":true},"in2DMode":false,"pivot":{"x":-0.8135895729064941,"y":1.00649094581604,"z":-1.2800158262252808},"rotation":{"x":-0.31861698627471926,"y":-0.01507276576012373,"z":0.005069375969469547,"w":-0.9477580785751343},"size":0.43253204226493838,"orthographic":false}