{"cameraMode":{"drawMode":0,"name":"Shaded","section":"Shading Mode"},"sceneLighting":false,"audioPlay":false,"sceneViewState":{"m_AlwaysRefresh":false,"showFog":true,"showSkybox":false,"showFlares":true,"showImageEffects":true,"showParticleSystems":true,"showVisualEffectGraphs":true,"m_FxEnabled":true},"in2DMode":false,"pivot":{"x":0.2820281982421875,"y":1.9429998397827149,"z":0.3953132629394531},"rotation":{"x":-0.00026418184279464185,"y":0.9838652014732361,"z":-0.0017941840924322606,"w":-0.17936494946479798},"size":12.12435531616211,"orthographic":false}