{"cameraMode":{"drawMode":0,"name":"Shaded","section":"Shading Mode"},"sceneLighting":false,"audioPlay":false,"sceneViewState":{"m_AlwaysRefresh":false,"showFog":true,"showSkybox":false,"showFlares":true,"showImageEffects":true,"showParticleSystems":true,"showVisualEffectGraphs":true,"m_FxEnabled":true},"in2DMode":false,"pivot":{"x":0.19373877346515656,"y":-0.07226884365081787,"z":1.9408584833145142},"rotation":{"x":-0.002935042604804039,"y":-0.20699138939380647,"z":-0.0006209796410985291,"w":0.97833651304245},"size":0.032364290207624438,"orthographic":false}