{"cameraMode":{"drawMode":0,"name":"Shaded","section":"Shading Mode"},"sceneLighting":false,"audioPlay":false,"sceneViewState":{"m_AlwaysRefresh":false,"showFog":true,"showSkybox":false,"showFlares":true,"showImageEffects":true,"showParticleSystems":true,"showVisualEffectGraphs":true,"m_FxEnabled":true},"in2DMode":false,"pivot":{"x":28.1280517578125,"y":2.9470460414886476,"z":51.160377502441409},"rotation":{"x":-0.015996700152754785,"y":0.8712014555931091,"z":0.028502868488430978,"w":0.4900135397911072},"size":0.6125661730766296,"orthographic":false}